GEO.id,GEO.id2,GEO.display-label,VD01,VD02,VD03,VD04,VD05,VD06,VD07,VD08,VD09,VD10,VD11,VD12,VD13,VD14,VD15,VD16,VD17,VD18,VD19,VD20,VD21,VD22,VD23,VD24,VD25,VD26,VD27,VD28,VD29,VD30,VD31,VD32,VD33,VD34,VD35
Id,Id2,Geography,Total:,Male:,Male: - No schooling completed,Male: - Nursery to 4th grade,Male: - 5th and 6th grade,Male: - 7th and 8th grade,Male: - 9th grade,Male: - 10th grade,Male: - 11th grade,"Male: - 12th grade, no diploma",Male: - High school graduate (includes equivalency),"Male: - Some college, less than 1 year","Male: - Some college, 1 or more years, no degree",Male: - Associate degree,Male: - Bachelor's degree,Male: - Master's degree,Male: - Professional school degree,Male: - Doctorate degree,Female:,Female: - No schooling completed,Female: - Nursery to 4th grade,Female: - 5th and 6th grade,Female: - 7th and 8th grade,Female: - 9th grade,Female: - 10th grade,Female: - 11th grade,"Female: - 12th grade, no diploma",Female: - High school graduate (includes equivalency),"Female: - Some college, less than 1 year","Female: - Some college, 1 or more years, no degree",Female: - Associate degree,Female: - Bachelor's degree,Female: - Master's degree,Female: - Professional school degree,Female: - Doctorate degree
3800000US0040,40,"Abilene, TX MSA",75496,35530,495,299,598,1008,857,1051,1072,1245,9216,2587,6189,2237,5390,2013,762,511,39966,512,291,565,1104,1094,1345,1345,1286,12256,3587,6379,1927,5825,1971,344,135
3800000US0120,120,"Albany, GA MSA",73060,33292,628,278,587,904,1053,1423,1641,1544,10162,2827,4640,1415,4136,1173,608,273,39768,662,330,741,1504,1122,1996,1915,1768,11628,3124,6123,2148,4182,1947,436,142
3800000US0160,160,"Albany--Schenectady--Troy, NY MSA",584792,275085,1847,1078,1559,7139,5701,7604,6393,8840,78770,16632,30629,25706,46570,22202,8429,5986,309707,1772,1164,1838,8091,5913,7884,7544,9768,97650,20419,33325,32559,44992,28430,5774,2584
3800000US0200,200,"Albuquerque, NM MSA",456076,217614,2614,1647,4779,5207,3643,4890,5590,7632,54160,14188,34671,12529,36566,18230,5921,5347,238462,2585,1467,3901,5759,4464,5550,5994,7813,64050,19332,39547,14561,38618,18534,4101,2186
3800000US0220,220,"Alexandria, LA MSA",79811,36948,918,443,714,1594,1009,1640,1613,1697,12566,2360,5130,942,3883,1233,860,346,42863,750,286,802,1779,1319,1804,2000,1893,14372,3151,5845,1979,4592,1889,339,63
3800000US0240,240,"Allentown--Bethlehem--Easton, PA MSA",434373,204734,1446,749,1897,8008,5847,7175,5960,5988,74268,11020,21267,12319,29845,11622,4190,3133,229639,1584,760,2534,10345,7202,10402,7428,6259,85828,13534,22865,17409,28632,11123,2754,980
3800000US0280,280,"Altoona, PA MSA",88366,41152,308,91,213,1426,980,1282,1040,1128,19872,2357,3770,2242,4305,1284,572,282,47214,267,34,138,1751,1287,1643,1408,1356,24235,2487,3895,2888,3810,1342,598,75
3800000US0320,320,"Amarillo, TX MSA",135055,65456,1069,511,1379,1834,1800,2190,2456,2157,17229,5693,10734,3707,9464,2955,1524,754,69599,877,493,1161,1836,1997,2575,2641,1983,18430,6987,12337,4623,9423,3196,795,245
3800000US0380,380,"Anchorage, AK MSA",159931,80298,527,208,390,978,760,1352,1139,2215,19731,6970,16299,6048,14781,5567,2436,897,79633,789,291,646,1084,939,1223,1195,1786,19010,7590,15930,6591,15084,5600,1296,579
3800000US0450,450,"Anniston, AL MSA",74015,34514,368,183,580,1626,1510,1678,1460,1175,10808,2053,5545,1903,3368,1354,580,323,39501,366,255,885,1895,1964,2117,1819,1437,13048,2741,5472,1862,3244,1978,248,170
3800000US0460,460,"Appleton--Oshkosh--Neenah, WI MSA",229381,112464,703,212,577,3260,1808,2716,2821,2932,40796,7330,13906,9246,18045,5002,2067,1043,116917,876,190,517,4092,1552,2020,2408,2617,46222,8809,13479,8833,19461,4501,886,454
3800000US0480,480,"Asheville, NC MSA",157058,73280,784,458,1223,2759,2076,2788,2322,2095,20598,4565,10144,4877,11550,3955,1893,1193,83778,580,513,1224,2993,2309,2930,2859,2195,24299,6185,11820,6015,13190,4970,1230,466
3800000US0500,500,"Athens, GA MSA",85196,40986,553,248,784,1236,1202,1378,1447,1144,10059,1641,4817,1484,8110,3143,1012,2728,44210,494,209,824,1536,1271,1919,1350,1357,11887,2608,4814,1896,7637,4580,783,1045
3800000US0520,520,"Atlanta, GA MSA",2630798,1266858,15026,7309,22364,29478,28440,35267,30947,43224,294117,72178,190346,65450,285752,93309,36877,16774,1363940,13006,6554,17682,31602,27652,37210,34285,41271,347700,100933,210708,84888,282726,95130,23390,9203
3800000US0580,580,"Auburn--Opelika, AL MSA",62170,29712,268,225,416,579,761,981,973,1123,7427,1615,4572,1718,4661,2238,545,1610,32458,289,231,579,1013,808,1253,867,1191,9149,1957,4422,2402,4741,2555,382,619
3800000US0600,600,"Augusta--Aiken, GA--SC MSA",301745,141506,1683,1043,2401,5490,3840,5161,4634,5234,42510,8707,20429,8776,19494,6903,3267,1934,160239,1858,985,2456,6117,4904,6118,6002,5768,48367,11784,23265,11094,21271,7363,2058,829
3800000US0640,640,"Austin--San Marcos, TX MSA",768147,384712,6764,4158,9652,8267,8180,6847,6927,9685,69258,21593,63302,21701,93508,34539,11001,9330,383435,5781,3760,7958,8708,7538,7296,6383,8897,83374,29499,60724,20073,92845,30070,6372,4157
3800000US0680,680,"Bakersfield, CA MSA",383667,194335,8803,4493,8950,7326,6153,6508,7514,11940,49303,14139,28642,12468,18054,6219,2580,1243,189332,7927,3982,8517,7708,6185,7230,7796,9949,48041,18226,27769,12229,16685,5343,1329,416
3800000US0730,730,"Bangor, ME MSA",58397,27268,141,79,119,808,534,571,380,574,8938,1664,3722,2263,4340,1491,762,882,31129,94,31,112,761,529,602,552,738,10499,2133,4270,2856,5015,2239,321,377
3800000US0740,740,"Barnstable--Yarmouth, MA MSA",121037,55009,219,42,240,496,647,895,825,1434,14218,3184,8211,4035,12616,5345,1638,964,66028,355,51,180,678,593,700,798,1361,18360,4991,10939,7070,12503,5972,1046,431
3800000US0760,760,"Baton Rouge, LA MSA",361429,169677,1734,938,2404,4437,3597,5393,6440,6382,52174,9856,27484,4184,28219,8893,4358,3184,191752,1496,949,2211,5164,4206,5991,6773,7258,61649,13482,30608,6478,30206,11754,2385,1142
3800000US0840,840,"Beaumont--Port Arthur, TX MSA",246237,119962,2149,1108,2287,3584,3528,3886,3855,4579,43619,9278,18431,5807,12453,2961,1779,658,126275,1513,1014,2185,4423,3455,4990,4663,5200,43194,11306,18835,7130,13446,3721,932,268
3800000US0860,860,"Bellingham, WA MSA",102787,50175,389,157,346,1216,699,1027,1180,1435,13916,3855,8403,3200,9265,2965,1155,967,52612,400,100,292,1132,726,1007,1266,1480,14428,4809,9141,4195,9557,3019,668,392
3800000US0870,870,"Benton Harbor, MI MSA",106690,50111,381,213,603,1630,1313,1824,1422,1651,15221,4150,7320,3484,6440,2914,937,608,56579,381,262,452,2143,1375,1987,1960,1687,18777,5030,7734,4760,6591,2823,398,219
3800000US0880,880,"Billings, MT MSA",84233,40143,124,83,238,1226,550,721,697,939,12618,2830,7057,1881,7722,1754,1228,475,44090,65,57,129,1403,627,880,883,1101,13535,3867,7711,2789,8331,2004,524,184
3800000US0920,920,"Biloxi--Gulfport--Pascagoula, MS MSA",230827,111895,912,740,1258,3946,2719,4174,3370,4484,33228,8484,20022,7697,13389,4383,2279,810,118932,910,536,1362,4088,3211,4526,4678,4746,35609,10106,19756,9747,12666,5404,1210,377
3800000US0960,960,"Binghamton, NY MSA",166764,78426,675,157,481,2551,1668,2434,2274,2559,24545,5660,8981,7526,10748,5608,1682,877,88338,685,256,655,2606,2015,2594,2465,2600,31637,6228,9527,9231,9967,6292,1203,377
3800000US1000,1000,"Birmingham, AL MSA",605146,280229,3130,1335,4449,8516,8064,9468,9125,11839,75528,15983,44575,14009,48558,13725,8617,3308,324917,2714,1230,4582,9941,8850,10976,11095,12335,94433,23172,50640,19649,49611,19099,4785,1805
3800000US1010,1010,"Bismarck, ND MSA",61156,29303,126,88,162,1898,450,461,435,626,7544,1943,4400,3297,5617,1308,772,176,31853,96,91,132,2379,360,355,363,660,8293,2530,5256,3589,6197,1102,413,37
3800000US1020,1020,"Bloomington, IN MSA",65489,31917,146,16,113,512,562,883,573,638,7911,1389,4337,1453,6452,3879,975,2078,33572,206,54,81,726,679,954,801,593,9229,2241,3702,1738,6639,4397,567,965
3800000US1040,1040,"Bloomington--Normal, IL MSA",87220,41612,102,74,233,804,555,668,600,721,11361,2586,5547,2213,11087,3039,1091,931,45608,161,35,266,956,431,919,712,858,13261,3524,6240,2847,10899,3502,548,449
3800000US1080,1080,"Boise City, ID MSA",265281,130488,1112,774,1438,3026,2012,2868,2629,4058,30088,10052,25078,8795,25730,8156,3189,1483,134793,946,689,1306,2916,1956,3177,3242,3599,36686,13185,26107,9307,23136,6570,1475,496
3800000US1122,1122,"Boston--Worcester--Lawrence, MA--NH--ME--CT CMSA",3906653,1843759,20481,9106,20314,46539,36408,42007,32414,59440,477412,99283,211901,112569,390225,181052,60082,44526,2062894,26262,11644,22605,53531,38103,44024,34812,62372,568289,125076,236570,171837,408751,194767,41640,22611
3800000US1240,1240,"Brownsville--Harlingen--San Benito, TX MSA",187064,85517,5550,4484,7444,5169,4680,2819,2774,3636,17427,4898,10421,3675,7432,2652,1941,515,101547,8255,6659,10968,6425,5347,3094,2691,3721,20188,6424,10991,4339,8353,2838,1014,240
3800000US1260,1260,"Bryan--College Station, TX MSA",70708,34347,559,381,939,915,828,764,864,1066,6064,1537,4606,1515,6730,3440,772,3367,36361,458,382,805,1108,899,1088,1007,1143,8150,2872,4931,1675,7203,3304,496,840
3800000US1280,1280,"Buffalo--Niagara Falls, NY MSA",784829,363697,2751,1003,2620,10739,8318,12019,9760,13837,109038,24479,47757,31141,54388,22200,9139,4508,421132,2836,1309,3127,15262,9237,14301,11615,15020,135784,26825,49714,44193,53437,30783,5467,2222
3800000US1305,1305,"Burlington, VT MSA",107603,51453,189,61,283,1664,680,870,786,1069,13461,2627,5530,4460,11641,5120,1744,1268,56150,198,87,240,1633,893,843,753,1012,14646,3420,6729,5459,13134,5192,1226,685
3800000US1320,1320,"Canton--Massillon, OH MSA",272431,127161,795,358,761,3889,3087,4215,4145,4339,51034,8115,16149,5754,15848,5286,2546,840,145270,725,246,821,3968,3658,5105,5011,4663,63621,10243,16217,8340,15385,5197,1759,311
3800000US1350,1350,"Casper, WY MSA",42656,20636,32,21,109,440,358,525,498,553,6441,1965,3589,1534,2921,935,565,150,22020,56,48,88,408,299,481,581,509,6616,2364,4290,2313,2798,903,232,34
3800000US1360,1360,"Cedar Rapids, IA MSA",123896,59594,142,83,161,1332,836,905,1020,1264,17479,4690,8242,5348,12858,3604,1181,449,64302,170,38,186,1301,897,1008,1172,1152,20111,5262,10698,6042,12586,2763,709,207
3800000US1400,1400,"Champaign--Urbana, IL MSA",100559,48405,142,106,226,921,460,467,587,1089,11380,3299,6980,3130,8711,5709,1383,3815,52154,236,152,233,1133,585,736,976,1023,12996,4304,7115,4081,10020,6301,920,1343
3800000US1440,1440,"Charleston--North Charleston, SC MSA",346710,164517,1572,1001,2404,5022,4502,5515,4797,6652,43822,11521,24197,10776,27650,8510,4475,2101,182193,1719,1029,2390,5760,4045,6039,5590,6781,49657,13658,27969,13514,28928,11342,2587,1185
3800000US1480,1480,"Charleston, WV MSA",175442,81450,581,415,1041,3301,2561,2828,2220,2379,29257,4611,10042,3303,11531,4049,2484,847,93992,699,368,1255,4124,3228,3293,2624,2837,35153,7194,10846,5486,10445,4876,1198,366
3800000US1520,1520,"Charlotte--Gastonia--Rock Hill, NC--SC MSA",983882,472331,5032,2737,9559,15428,14629,17739,14618,15997,117219,28798,68659,29611,94312,24608,9462,3923,511551,4292,3019,7499,16876,14665,18568,16422,15192,134392,39418,76634,36474,93006,27302,6110,1682
3800000US1540,1540,"Charlottesville, VA MSA",100960,46820,331,300,844,1791,1050,1324,1497,997,9670,2473,4698,1980,9492,5085,2636,2652,54140,522,352,627,1833,925,1357,1369,1029,12931,3552,6114,2934,11737,6063,1661,1134
3800000US1560,1560,"Chattanooga, TN--GA MSA",311791,145576,1296,1110,2337,6516,5012,6324,5218,5407,41541,9474,21955,7327,20952,6227,3330,1550,166215,1277,1250,2510,7952,5738,7573,6538,5766,50759,12383,24754,10433,19772,7376,1591,543
3800000US1580,1580,"Cheyenne, WY MSA",53041,26192,193,42,140,372,355,571,362,597,6495,2704,5571,2381,3977,1489,706,237,26849,144,61,128,525,410,581,547,738,7558,2876,4765,2487,4169,1364,430,66
3800000US1602,1602,"Chicago--Gary--Kenosha, IL--IN--WI CMSA",5835442,2770830,42862,22769,71141,82403,56876,72691,69143,113743,667472,178824,395627,142163,522366,209509,86241,37000,3064612,44841,23813,66706,103860,58741,83781,76744,112237,813058,234411,427381,188356,541603,219172,51183,18725
3800000US1620,1620,"Chico--Paradise, CA MSA",126736,60164,837,378,1036,1679,1064,1471,1869,2443,14010,4956,12184,4342,9245,2472,1268,910,66572,850,395,916,1378,1159,1939,2188,2875,16843,6369,12399,5482,9581,2945,888,365
3800000US1642,1642,"Cincinnati--Hamilton, OH--KY--IN CMSA",1267807,598841,3674,2119,4873,19286,14962,20232,17533,19855,178009,38445,79100,33735,106712,38378,14059,7869,668966,3190,1573,4599,24046,18155,24589,21484,20794,224068,49827,82998,43494,99140,39417,7833,3759
3800000US1660,1660,"Clarksville--Hopkinsville, TN--KY MSA",120167,58524,442,319,675,2223,1237,1420,1284,1777,18198,5535,11531,3971,6435,1967,1030,480,61643,436,384,705,2749,1409,1948,1994,2692,19579,5669,9229,4351,6745,3042,531,180
3800000US1692,1692,"Cleveland--Akron, OH CMSA",1960749,914406,5734,2596,6412,20984,17909,30118,30658,35075,290739,66185,128046,44050,147442,51149,25995,11314,1046343,6269,3086,7142,25775,21631,36484,36977,36176,355651,83528,142464,65565,149914,55681,15221,4779
3800000US1720,1720,"Colorado Springs, CO MSA",320420,156274,544,288,855,1733,1326,2054,2191,3200,32841,12045,29608,15064,32193,16396,3384,2552,164146,596,331,869,2201,1746,2757,3076,4262,40445,14846,30680,15100,32422,12173,1737,905
3800000US1740,1740,"Columbia, MO MSA",77919,37169,160,63,148,939,447,732,758,941,8268,2109,4909,1492,8239,3631,1935,2398,40750,115,65,77,1003,555,835,697,888,9912,2537,5606,2146,9799,4394,1150,971
3800000US1760,1760,"Columbia, SC MSA",340786,160312,1509,777,1912,4277,3238,4483,4531,5585,39951,9111,24356,11422,31792,10180,4579,2609,180474,1347,769,1960,4212,3532,5055,4973,5493,47276,13004,27163,15333,33286,13417,2345,1309
3800000US1800,1800,"Columbus, GA--AL MSA",168800,78468,833,671,1556,2650,2278,2955,2722,3002,22175,5969,12932,4807,10350,3559,1568,441,90332,1130,711,2026,3528,3087,4031,3933,3816,26804,7205,13019,5633,9176,4980,1008,245
3800000US1840,1840,"Columbus, OH MSA",983765,471562,3087,1379,2587,9480,9290,13842,13547,13949,133467,29928,66850,25058,96994,30766,13434,7904,512203,2812,1112,2665,9703,9833,15527,15737,15023,162951,39283,69348,31484,94620,30821,7472,3812
3800000US1880,1880,"Corpus Christi, TX MSA",231399,110436,3142,2086,3081,4095,3622,3688,3478,4552,28879,9898,17587,5715,12881,4284,2448,1000,120963,4599,2635,4165,5489,4022,4042,3836,3948,30931,11328,18270,7128,13677,5266,1195,432
3800000US1890,1890,"Corvallis, OR MSA",45758,22211,89,112,174,242,171,218,157,277,3150,1102,3425,1590,5802,3189,565,1948,23547,93,32,178,302,127,252,345,380,3874,2141,3945,1698,6167,3026,328,659
3800000US1900,1900,"Cumberland, MD--WV MSA",69648,33954,515,87,297,1404,861,1595,792,1110,15324,2059,3298,1634,2656,1257,515,550,35694,308,115,264,1569,1086,1479,1408,1039,14942,2447,3571,3084,2393,1595,261,133
3800000US1922,1922,"Dallas--Fort Worth, TX CMSA",3248569,1583814,34127,19227,54911,42265,45587,39962,39985,55374,325512,104574,246499,86034,326077,108460,36992,18228,1664755,28634,14713,43780,42595,44439,44224,44987,57455,409385,141265,265560,95932,309174,94598,19830,8184
3800000US1950,1950,"Danville, VA MSA",76316,34925,634,643,1010,2812,1491,2106,1698,1474,11199,2013,3939,1856,2561,872,430,187,41391,543,422,929,3130,1665,2451,1953,1611,14172,2812,4906,2247,2862,1172,434,82
3800000US1960,1960,"Davenport--Moline--Rock Island, IA--IL MSA",235197,112268,709,434,1062,3469,2237,3547,3118,3376,35690,9556,16705,7482,16191,5489,2366,837,122929,527,291,816,4042,2665,3825,3232,3173,42044,11870,18247,9425,15942,5001,1478,351
3800000US2000,2000,"Dayton--Springfield, OH MSA",620576,290937,1703,858,1982,8055,6681,9298,8868,9376,91115,22011,40626,17946,42043,20552,6045,3778,329639,1396,892,2012,9542,8708,11144,10785,9803,111328,28942,45094,24963,42725,17530,3372,1403
3800000US2020,2020,"Daytona Beach, FL MSA",355841,167983,1295,810,1620,4806,4243,5793,4659,7106,51625,13455,27007,11774,21362,7323,3531,1574,187858,1144,596,1433,4744,4645,6146,5773,7622,63058,17221,29146,15968,20454,7236,1976,696
3800000US2030,2030,"Decatur, AL MSA",96225,45981,714,443,1000,2278,2079,2111,1971,1663,14341,2823,6088,2223,5753,1695,556,243,50244,442,322,1148,2449,1999,2847,2022,1731,16940,4057,6490,2831,4693,1900,273,100
3800000US2040,2040,"Decatur, IL MSA",75195,34901,185,82,240,1039,807,1222,1066,1087,12955,3137,4758,1733,4390,1342,585,273,40294,169,84,204,1253,818,1477,1471,1448,15656,4034,5118,2430,4158,1466,385,123
3800000US2082,2082,"Denver--Boulder--Greeley, CO CMSA",1670518,822430,8741,4777,16056,15282,14052,15136,16184,24291,165855,49496,131994,51340,197524,71848,24921,14933,848088,7727,4032,12937,15553,13766,14919,16526,23076,193431,66155,138785,58039,193186,68120,14806,7030
3800000US2120,2120,"Des Moines, IA MSA",295697,140662,1010,334,870,2775,2583,2853,2732,3609,41488,9633,19917,9330,30392,7398,4289,1449,155035,1041,332,786,3324,2113,2691,3169,3519,48654,12845,22762,12409,30086,7935,2656,713
3800000US2162,2162,"Detroit--Ann Arbor--Flint, MI CMSA",3548118,1681310,16742,5521,14516,39964,35230,56201,57686,64127,458428,126619,269781,102933,260926,112492,40807,19337,1866808,18509,5892,15287,45238,36383,61502,64313,67538,572347,159438,277678,135269,257879,116649,23835,9051
3800000US2180,2180,"Dothan, AL MSA",90061,42122,576,330,695,1500,1324,1466,1605,1417,12327,3186,6892,2789,5310,1662,773,270,47939,629,418,963,2179,1613,2135,2120,1777,14641,3902,6905,3457,4817,1860,405,118
3800000US2190,2190,"Dover, DE MSA",79249,37228,238,161,439,1727,1088,1532,1272,1524,11801,2979,4991,2173,4303,2030,599,371,42021,228,161,560,1549,1053,1677,1547,1556,14299,3234,5693,2998,4898,2075,359,134
3800000US2200,2200,"Dubuque, IA MSA",57236,27197,70,78,155,1608,534,589,437,593,11439,1693,3100,1317,3798,1048,476,262,30039,150,34,61,1830,721,589,527,478,11560,2169,3439,1856,4542,1637,316,130
3800000US2240,2240,"Duluth--Superior, MN--WI MSA",161454,77472,410,77,281,2437,1286,2141,1801,2148,24835,5827,13341,5934,11373,3191,1589,801,83982,363,52,238,2162,1287,2183,2311,1816,27815,7473,13516,7440,12501,3703,753,369
3800000US2290,2290,"Eau Claire, WI MSA",91620,44227,420,37,192,1965,517,932,834,1081,15230,2940,5804,3965,6681,1987,1061,581,47393,397,36,197,2123,474,778,1012,856,16867,3423,6534,4742,7214,2068,483,189
3800000US2320,2320,"El Paso, TX MSA",391540,180440,7735,4586,12777,7127,6000,4865,4078,7146,40674,12310,29345,9656,21634,7072,4054,1381,211100,12647,7302,20268,11379,8647,5605,4766,9080,47582,14267,28790,9882,21628,6760,2020,477
3800000US2330,2330,"Elkhart--Goshen, IN MSA",112908,54740,553,368,1084,3061,2495,2492,1898,1938,19030,3684,6378,2284,5954,2287,793,441,58168,464,331,808,2852,2546,2515,2047,1939,22758,4621,6461,2792,5292,2275,352,115
3800000US2335,2335,"Elmira, NY MSA",60796,29407,149,78,220,1251,1056,1295,1071,896,10211,1923,3334,2217,3356,1646,514,190,31389,221,36,175,925,697,1046,881,910,11719,2516,3525,3147,2990,2057,466,78
3800000US2340,2340,"Enid, OK MSA",38067,17849,205,82,201,492,369,522,505,729,6194,1314,2502,813,2542,933,350,96,20218,149,59,119,747,475,684,756,678,7358,1797,2836,1038,2388,899,187,48
3800000US2360,2360,"Erie, PA MSA",180106,85226,494,228,488,2219,1742,2966,2391,2448,34433,5735,9373,3892,11752,4286,1871,908,94880,581,222,541,2671,2068,3214,2912,2463,40717,5856,8984,5878,12077,5289,1026,381
3800000US2400,2400,"Eugene--Springfield, OR MSA",210601,101680,492,240,768,2084,1752,2279,2268,3470,25273,8224,20127,7268,16433,6413,2411,2178,108921,425,212,540,2091,1547,2663,2647,2787,29202,10877,21527,8115,16396,7359,1570,963
3800000US2440,2440,"Evansville--Henderson, IN--KY MSA",194380,91258,584,330,636,3464,2063,3139,2548,2335,32092,6899,12982,5653,11866,4114,1724,829,103122,448,189,631,4358,2579,3848,3061,2709,38273,8445,13519,7647,10989,5211,934,281
3800000US2520,2520,"Fargo--Moorhead, ND--MN MSA",104248,50956,160,60,198,1996,621,951,674,984,12557,3465,9482,4508,10412,2549,1279,1060,53292,184,125,123,1938,516,864,565,767,12886,4472,10182,5320,11944,2452,626,328
3800000US2560,2560,"Fayetteville, NC MSA",176714,85660,677,299,969,1782,1596,1872,1622,2565,23727,8138,17287,8398,11093,3629,1490,516,91054,807,486,1045,2324,2170,2653,2437,3222,26395,8959,15462,8053,12139,4028,666,208
3800000US2580,2580,"Fayetteville--Springdale--Rogers, AR MSA",193455,94405,1003,997,2068,3925,2602,3052,2677,3139,28344,5798,14363,3457,14527,4692,2083,1678,99050,787,890,1829,3982,2953,2838,3045,2940,32978,7971,14114,4418,13789,4578,1259,679
3800000US2620,2620,"Flagstaff, AZ--UT MSA",69818,34362,588,261,551,729,526,711,773,1118,7762,2571,6490,1928,6456,2234,709,955,35456,1084,309,430,729,500,806,1043,1068,7525,3006,6517,2224,6396,2875,433,511
3800000US2650,2650,"Florence, AL MSA",96278,44851,384,269,884,2265,1709,1927,1608,1665,15191,2775,6250,1732,5320,1728,709,435,51427,454,252,1086,2620,2276,2664,2072,1752,17579,3232,6823,2655,4996,2360,352,254
3800000US2655,2655,"Florence, SC MSA",80904,36551,723,407,1011,1666,1300,1793,1405,1921,11034,1959,4292,2002,4590,1346,730,372,44353,674,309,941,2007,1522,2234,1920,1919,13952,2567,5339,2892,5535,1883,503,156
3800000US2670,2670,"Fort Collins--Loveland, CO MSA",156426,77101,343,142,413,944,816,1007,946,1303,15810,4742,13260,5166,19304,7745,2042,3118,79325,246,112,368,1079,737,1064,1029,1464,17469,6259,13811,6068,20015,7518,1192,894
3800000US2700,2700,"Fort Myers--Cape Coral, FL MSA",327672,156646,1858,762,2014,4294,3726,5323,4868,6843,45856,11871,23878,7854,23318,7891,4595,1695,171026,1366,677,1570,3852,3323,5213,5048,7283,60767,14308,24132,11833,20875,7733,2382,664
3800000US2710,2710,"Fort Pierce--Port St. Lucie, FL MSA",232915,111433,1545,966,1919,3041,3112,3770,3706,5323,31707,8956,16711,6351,15610,4727,2896,1093,121482,1143,645,1377,2835,2586,3669,3484,5525,40183,11195,17692,9499,14679,5210,1329,431
3800000US2720,2720,"Fort Smith, AR--OK MSA",133346,63708,864,630,1396,3683,2231,2429,2482,2960,20583,4872,8823,3348,5922,1999,1171,315,69638,919,490,1359,3593,2661,3013,2965,2870,23553,5844,8943,4451,5967,2298,542,170
3800000US2750,2750,"Fort Walton Beach, FL MSA",112429,55972,264,176,379,942,880,910,889,1182,13793,5147,10864,4957,8612,5485,922,570,56457,267,221,607,1320,944,1350,1342,1798,16722,5741,9371,5113,8214,2823,377,247
3800000US2760,2760,"Fort Wayne, IN MSA",316575,151339,1056,306,1123,4516,3069,4271,3800,3950,52939,12013,20559,10800,21771,7280,2827,1059,165236,925,338,918,4654,3724,5472,4362,4011,63245,13639,22460,13068,18417,8280,1436,287
3800000US2840,2840,"Fresno, CA MSA",530370,255662,18150,7722,14233,9622,7640,7920,8704,13603,52711,16522,37528,15497,29623,8460,5105,2622,274708,17133,6710,12574,11083,7420,8909,10138,12277,62309,22186,42575,18295,31164,8240,2908,787
3800000US2880,2880,"Gadsden, AL MSA",69829,32200,352,169,763,1455,1124,1360,1273,1186,10675,2025,5372,1923,2938,929,522,134,37629,391,263,791,1839,1854,2172,1825,1298,11856,2626,5114,2751,2741,1724,287,97
3800000US2900,2900,"Gainesville, FL MSA",123524,58968,699,148,561,905,920,1046,1141,1721,10966,3356,7486,5409,11682,5766,3086,4076,64556,463,250,418,1148,965,1280,1326,1767,14067,4378,8832,6469,12680,6973,1952,1588
3800000US2975,2975,"Glens Falls, NY MSA",84321,40957,321,109,370,1526,1394,1910,1349,1498,14963,2415,4385,2938,4641,2110,816,212,43364,247,77,185,1208,966,1578,1264,1196,16080,2953,5037,4419,4728,2792,526,108
3800000US2980,2980,"Goldsboro, NC MSA",72894,34829,781,390,840,1190,1295,1356,1275,1231,11121,2826,4942,2548,3225,1059,397,353,38065,493,339,678,1235,1105,1393,1658,1365,12583,3188,5031,3106,4258,1220,221,192
3800000US2985,2985,"Grand Forks, ND--MN MSA",57569,28161,118,55,148,1524,434,561,502,538,7669,2088,5410,2479,4350,1333,573,379,29408,125,99,145,1542,367,451,620,466,7840,2495,5193,2747,5138,1742,279,159
3800000US2995,2995,"Grand Junction, CO MSA",76358,36538,394,92,327,1083,559,1131,859,1247,10636,2975,6145,2370,5637,1779,893,411,39820,234,113,269,980,743,1022,1170,1230,12518,3599,6887,3011,5537,1835,530,142
3800000US3000,3000,"Grand Rapids--Muskegon--Holland, MI MSA",669331,323041,2940,1229,3716,9094,6901,9845,8906,9464,96017,24402,48224,22150,53174,17857,6600,2522,346290,2568,930,2649,9432,6296,10435,9547,9405,112221,28895,51664,29044,51352,17229,3567,1056
3800000US3040,3040,"Great Falls, MT MSA",52333,25289,77,65,98,954,386,614,423,619,8475,1948,4329,1489,3787,1278,604,143,27044,40,30,130,764,402,670,690,786,8973,2163,4920,2049,3963,1187,238,39
3800000US3080,3080,"Green Bay, WI MSA",144172,70398,738,201,741,2448,1022,1579,1455,1774,23619,4550,9399,6311,11781,3122,1239,419,73774,721,178,587,3140,1154,1303,1254,1448,26692,5595,9345,6529,12141,2907,622,158
3800000US3120,3120,"Greensboro--Winston-Salem--High Point, NC MSA",833142,393174,5079,3048,8614,15837,14097,17089,12923,13659,111230,22400,53684,22503,63225,18133,7824,3829,439968,4276,2447,6456,15874,13383,17477,14907,13462,134185,30786,59457,29612,70073,20938,4502,2133
3800000US3150,3150,"Greenville, NC MSA",79040,36652,467,417,815,1360,1035,1312,1160,1142,9143,2235,5473,2362,6051,1780,990,910,42388,377,333,636,1602,1216,1464,1417,1102,10778,2807,5924,3597,7500,2732,488,415
3800000US3160,3160,"Greenville--Spartanburg--Anderson, SC MSA",630167,299016,3263,2753,7060,14099,10997,13980,11720,10214,83468,16148,37543,19444,45871,13685,5195,3576,331151,2954,2689,6359,16259,12238,15841,14272,10438,101911,20988,41233,23674,41542,16783,2701,1269
3800000US3240,3240,"Harrisburg--Lebanon--Carlisle, PA MSA",427256,202626,1213,467,1198,7677,5414,7093,5576,5568,76481,11115,19386,11110,31003,11652,5538,2135,224630,1517,515,909,8275,5854,7948,6654,6153,92098,13984,20767,13702,30362,11253,3821,818
3800000US3280,3280,"Hartford, CT MSA",794422,374343,3127,1888,4962,11517,8737,10447,9079,13087,105342,21968,43073,22084,69893,31837,11349,5953,420079,3720,2523,4945,13901,9505,10682,9188,13263,125083,26607,49150,33901,70347,37024,7334,2906
3800000US3285,3285,"Hattiesburg, MS MSA",65381,30381,267,211,419,1096,970,827,797,1303,8181,1844,5178,1587,4751,1449,750,751,35000,227,165,473,1232,967,1203,1239,1262,9830,2248,5736,2233,5383,2155,334,313
3800000US3290,3290,"Hickory--Morganton--Lenoir, NC MSA",230937,111344,1752,1110,2677,7729,6081,6711,4648,4182,34676,6861,13003,6353,10742,3027,1418,374,119593,1570,886,2305,7257,5612,6820,5426,3719,38511,8585,14223,8786,11591,3350,819,133
3800000US3320,3320,"Honolulu, HI MSA",579998,285072,3688,2577,4742,5653,4565,4781,4218,8842,79480,16889,45355,21961,54054,16453,7946,3868,294926,5506,3378,8201,8342,6136,4629,3827,8803,81868,16831,44446,23634,55517,17444,4588,1776
3800000US3350,3350,"Houma, LA MSA",119162,57083,1426,1300,2376,4998,2819,2947,2635,1897,19970,2698,5833,1329,4613,1164,786,292,62079,1394,1172,1980,4830,2714,2897,2367,1912,23915,3265,5727,2101,5607,1577,506,115
3800000US3362,3362,"Houston--Galveston--Brazoria, TX CMSA",2858299,1393382,37100,19110,56207,43636,49154,36983,37728,58356,294403,87944,204521,65726,261030,85083,36498,19903,1464917,37351,18427,50957,45038,45795,39580,41078,59314,356014,115663,222295,78209,246338,77458,22394,9006
3800000US3400,3400,"Huntington--Ashland, WV--KY--OH MSA",212766,100105,801,802,1717,6145,3944,4489,3170,3234,38994,6286,11986,3755,8856,3536,1605,785,112661,720,505,1800,7388,4595,5130,3978,3402,40519,8796,13346,6668,9018,5279,1210,307
3800000US3440,3440,"Huntsville, AL MSA",223845,107685,741,602,1459,3086,2830,3321,3172,2743,22945,6222,16354,6252,24238,9812,1902,2006,116160,768,607,1699,3403,3030,3759,3164,3005,30748,9118,18784,6870,21889,7787,937,592
3800000US3480,3480,"Indianapolis, IN MSA",1039892,494784,2920,1754,3675,12978,10679,16756,14038,15579,151153,28768,69337,29508,90271,29126,12439,5803,545108,2501,1278,3637,14265,12211,19745,17792,16862,181067,37696,74610,32432,87526,33147,7593,2746
3800000US3500,3500,"Iowa City, IA MSA",62859,31208,122,5,80,651,258,174,305,527,6464,1557,4200,1990,7557,3508,1707,2103,31651,190,8,55,641,244,213,164,346,5985,1871,4207,2682,8880,3892,1127,1146
3800000US3520,3520,"Jackson, MI MSA",104880,53249,268,142,303,1237,1167,1806,1835,1775,17330,5704,8916,3788,6009,1996,730,243,51631,242,106,163,1204,993,2024,1836,1444,17147,5576,8189,4633,5695,1827,361,191
3800000US3560,3560,"Jackson, MS MSA",271945,124948,1388,818,2039,3812,2887,3938,4438,5524,27874,7298,21652,7224,23016,6877,4495,1668,146997,1306,648,1674,4271,3170,4312,4923,5904,34106,10879,25313,10131,27105,10062,2399,794
3800000US3580,3580,"Jackson, TN MSA",67569,31377,350,314,461,1357,782,1215,1258,1348,9931,2067,4251,1204,4385,1280,782,392,36192,360,181,347,2001,930,1565,1701,1228,11109,2575,5416,2060,4475,1799,323,122
3800000US3600,3600,"Jacksonville, FL MSA",715155,339426,2387,1279,2670,7678,6749,10732,9863,13605,94394,27360,53660,24307,56032,17417,8397,2896,375729,2290,1345,3134,8847,8213,12012,11568,14696,113987,34349,56800,29674,54713,17670,4853,1578
3800000US3605,3605,"Jacksonville, NC MSA",75286,37564,303,112,401,828,923,1057,716,839,12586,4401,7125,2656,3883,1081,511,142,37722,317,142,342,1198,1010,1221,1318,1077,12125,3958,6069,3441,3887,1275,277,65
3800000US3610,3610,"Jamestown, NY MSA",91261,43335,324,162,407,1662,1224,1721,1424,1812,16092,3152,4415,3651,4324,1935,722,308,47926,416,130,293,1761,1230,1602,1488,1510,17210,3540,5597,4977,4564,2818,621,169
3800000US3620,3620,"Janesville--Beloit, WI MSA",98770,47317,190,174,509,1485,1178,1425,1399,1639,18766,3471,6315,2823,5289,1678,724,252,51453,317,134,349,1360,919,1437,1787,1585,20015,4407,6811,3796,5871,2074,452,139
3800000US3660,3660,"Johnson City--Kingsport--Bristol, TN--VA MSA",336062,158907,1787,1959,3862,12070,5832,7001,5497,5006,51266,10012,19237,7064,18177,5645,2665,1827,177155,1592,1835,4163,13801,6691,7404,6040,5119,59205,12202,21323,10297,18429,6583,1715,756
3800000US3680,3680,"Johnstown, PA MSA",162736,78106,751,200,655,4409,2111,3364,2365,2387,38114,3557,5886,3781,6807,2249,1082,388,84630,594,240,827,5305,2045,3670,2479,2500,40625,4524,6407,5254,6774,2333,942,111
3800000US3700,3700,"Jonesboro, AR MSA",50725,23829,351,234,428,1174,747,748,748,833,7745,1418,3491,583,3419,918,530,462,26896,265,299,505,1508,921,1002,859,893,8870,1722,3547,1210,3338,1534,237,186
3800000US3710,3710,"Joplin, MO MSA",100417,47428,303,188,499,2015,1327,1850,1917,1656,16124,3897,7039,2260,5519,1560,921,353,52989,245,130,451,2309,1702,2006,2219,1671,19068,4756,7523,2826,5506,1987,457,133
3800000US3720,3720,"Kalamazoo--Battle Creek, MI MSA",284052,134813,1076,474,1101,3415,2763,4031,3795,3944,40606,11418,20131,8524,20515,8007,2574,2439,149239,904,472,857,3462,2963,4505,4179,3779,46662,13771,22256,12333,21216,9605,1496,779
3800000US3760,3760,"Kansas City, MO--KS MSA",1154262,548962,3345,1444,4375,12547,9502,12330,13296,17484,150068,40757,86528,28816,109990,37474,15514,5492,605300,2947,1168,3795,14527,10598,14700,14346,16881,177979,55716,93686,38433,108732,40401,8742,2649
3800000US3810,3810,"Killeen--Temple, TX MSA",179194,86480,979,553,1136,2012,1416,1738,1884,2059,24117,8772,17677,7805,10512,3498,1906,416,92714,1202,483,1428,2972,1904,2981,2707,3510,27000,9028,15887,7564,11458,3557,786,247
3800000US3840,3840,"Knoxville, TN MSA",463341,218216,1721,1606,3234,10245,5881,7236,6907,7417,64293,12731,29696,10493,34831,12646,4909,4370,245125,1944,1328,3422,12764,7010,8642,8038,7172,76938,17856,33852,14180,33474,13505,3367,1633
3800000US3850,3850,"Kokomo, IN MSA",67469,31820,187,176,248,1067,694,963,797,1042,12202,2351,4025,1870,3772,1658,500,268,35649,127,37,263,1525,895,1183,1034,977,14586,2869,4613,2175,3454,1577,252,82
3800000US3870,3870,"La Crosse, WI--MN MSA",78326,37474,202,40,85,1411,366,704,570,879,12298,2292,5582,3803,5708,2059,928,547,40852,325,17,97,1488,439,698,618,699,13064,3056,5930,4417,6791,2468,495,250
3800000US3880,3880,"Lafayette, LA MSA",234965,110358,2919,1885,3681,7023,4214,4655,4250,3913,35145,5531,13318,3209,13830,3582,2253,950,124607,2937,2071,3499,8067,4240,5443,4400,4135,41118,7727,15542,4813,14433,4864,1040,278
3800000US3920,3920,"Lafayette, IN MSA",101655,49532,174,244,711,1283,1099,1228,1028,1128,16176,2942,5937,2356,7997,3877,959,2393,52123,244,125,431,1368,1178,1353,1386,1103,19147,3316,6145,2852,7932,4092,666,785
3800000US3960,3960,"Lake Charles, LA MSA",114563,54108,909,573,1266,1923,1729,1745,1698,2171,18708,3476,8538,2099,6090,1799,1040,344,60455,994,527,1184,2474,1807,2537,2557,2211,20908,4198,8381,2633,7190,2405,346,103
3800000US3980,3980,"Lakeland--Winter Haven, FL MSA",326208,155820,2399,1486,3181,7071,6209,7319,6285,7718,49802,10933,20109,8339,16159,5029,2548,1233,170388,1757,1056,2944,6660,5850,7902,6978,7525,60118,14153,21122,10623,16487,5083,1711,419
3800000US4000,4000,"Lancaster, PA MSA",302503,143880,969,443,1193,11446,6097,5700,4139,3468,53458,6965,12372,6203,20523,6787,2652,1465,158623,1063,352,921,11644,6577,6274,4467,3729,64043,8397,13113,7431,21120,6781,2107,604
3800000US4040,4040,"Lansing--East Lansing, MI MSA",271817,128589,734,276,596,2729,1891,3182,2874,3014,32424,11431,20414,9788,22302,9189,3906,3839,143228,833,247,685,2637,2211,3335,2707,2929,39808,14905,22803,12227,23550,10194,2274,1883
3800000US4080,4080,"Laredo, TX MSA",101182,46672,2985,1704,4436,3271,2806,1521,1675,2444,8260,2644,5620,2244,4041,1388,1383,250,54510,4755,2715,6046,3961,3480,1702,1451,2614,9892,2811,5053,3000,4669,1516,739,106
3800000US4100,4100,"Las Cruces, NM MSA",99893,47791,1900,1458,2979,1794,1523,1429,1278,1653,10541,2644,6681,2473,6688,2841,752,1157,52102,2260,1789,3852,2154,1632,1387,1203,1631,11863,3324,7256,2920,6352,3582,514,383
3800000US4120,4120,"Las Vegas, NV--AZ MSA",1032981,518667,7560,3317,11964,12926,12907,14839,15399,28512,152200,42592,94325,29438,60703,18748,9849,3388,514314,7024,3102,10413,12226,12117,16111,17542,28457,164329,49938,85608,30854,51007,18227,5691,1668
3800000US4150,4150,"Lawrence, KS MSA",53257,25935,77,19,48,374,220,307,287,600,5637,1462,4480,1168,6243,2594,1030,1389,27322,77,22,106,475,230,346,506,375,6222,1768,4319,1400,6764,3572,508,632
3800000US4200,4200,"Lawton, OK MSA",67220,33408,224,103,217,609,614,592,749,964,10124,3384,7035,2052,4386,1541,529,285,33812,220,126,356,911,611,1033,1107,1544,11052,3432,5623,1692,4376,1380,254,95
3800000US4240,4240,"Lewiston--Auburn, ME MSA",60906,28763,226,74,412,1869,929,912,735,750,11617,1909,3392,1703,2824,663,560,188,32143,264,133,550,2329,1188,1104,524,868,12578,2346,3505,2247,3138,1067,201,101
3800000US4280,4280,"Lexington, KY MSA",304749,145800,1280,1212,2323,6375,4123,4265,3434,3808,38469,7711,21972,6524,26229,9526,4758,3791,158949,953,799,1863,7050,4033,5109,4089,3946,43821,10287,22679,11215,25932,12715,2748,1710
3800000US4320,4320,"Lima, OH MSA",99762,48361,232,90,233,1475,1186,1574,1612,1377,21607,3624,5320,3230,4103,1609,784,305,51401,297,97,251,1565,1209,2003,1897,1403,22376,3445,5539,4713,4446,1654,427,79
3800000US4360,4360,"Lincoln, NE MSA",152747,75093,468,190,435,1114,1031,1294,1258,1873,18684,4866,12050,6574,16015,4821,2244,2176,77654,416,166,266,1364,917,1061,1133,1528,19875,6223,13552,6666,17088,5186,1285,928
3800000US4400,4400,"Little Rock--North Little Rock, AR MSA",376034,177073,1437,715,1816,4534,3720,4847,5096,7031,51348,12406,29681,8026,29784,8809,5456,2367,198961,1232,935,2014,5446,4080,6010,6164,7605,61448,16251,31298,9746,30867,11795,3003,1067
3800000US4420,4420,"Longview--Marshall, TX MSA",132113,61822,966,489,1167,1920,1815,2160,2227,2614,18910,4921,9841,3695,7461,2361,788,487,70291,761,349,991,2250,2199,2630,3105,2930,22147,6527,10960,4319,7736,2602,628,157
3800000US4472,4472,"Los Angeles--Riverside--Orange County, CA CMSA",10087457,4872001,177631,86118,252150,144176,141813,108434,129848,272997,907400,297299,747018,310971,806275,284179,141717,63975,5215456,206432,99936,268710,162359,151967,118799,140064,263448,1088204,383392,794048,373718,794552,252093,86762,30972
3800000US4520,4520,"Louisville, KY--IN MSA",682172,321022,2334,1164,2957,12292,9048,11544,9633,10892,99000,21822,46258,16980,48192,17147,8697,3062,361150,1950,1020,2657,15085,10218,13729,11368,11739,114539,29575,52531,22627,45424,22505,4868,1315
3800000US4600,4600,"Lubbock, TX MSA",141363,66768,1414,845,1451,2071,2014,2219,2098,2295,16545,4605,11285,2831,10816,3345,1515,1419,74595,1462,959,1496,2498,2316,2546,2331,2530,19193,6440,11826,3642,11747,3909,997,703
3800000US4640,4640,"Lynchburg, VA MSA",144024,67472,1183,534,1442,3788,2238,3132,2364,2389,20416,4349,8338,3533,8537,3355,1103,771,76552,920,447,1240,3967,2212,3310,2826,2287,25026,5254,10491,4595,9631,3207,846,293
3800000US4680,4680,"Macon, GA MSA",202641,93550,1124,658,1507,2702,2353,3439,3286,3882,30154,6654,13768,4522,12336,4255,1986,924,109091,1150,651,1594,4163,2924,4854,4437,3945,36794,8228,14442,5944,12315,5866,1324,460
3800000US4720,4720,"Madison, WI MSA",269998,131267,740,156,749,2391,1266,1495,1487,2682,28211,7076,18116,11391,32174,12970,4972,5391,138731,769,256,504,2367,1033,1500,1574,2208,32009,9834,19804,12657,34770,13787,3184,2475
3800000US4800,4800,"Mansfield, OH MSA",117563,57301,258,204,499,2215,1651,2491,2248,1859,25206,4095,6515,2858,4936,1399,639,228,60262,312,188,485,2221,1569,2603,2489,2031,27294,3738,6408,4226,4611,1526,471,90
3800000US4880,4880,"McAllen--Edinburg--Mission, TX MSA",304670,142547,11126,9880,15086,8980,7978,5143,5106,5997,28782,6471,14322,4221,11965,4101,2463,926,162123,14860,12373,19708,10939,8723,4329,4306,6427,32816,8915,14360,4489,13542,4819,1150,367
3800000US4890,4890,"Medford--Ashland, OR MSA",121155,57594,519,301,661,1171,1123,1513,1611,2008,16780,4717,10243,3322,8457,3151,1288,729,63561,236,227,531,1297,1033,2150,1829,1977,19663,6065,11503,3683,9116,3248,718,285
3800000US4900,4900,"Melbourne--Titusville--Palm Bay, FL MSA",339738,162304,540,341,1033,3182,2858,3924,4033,5144,42196,13266,26461,13886,28222,12251,3216,1751,177434,868,396,1131,3823,2709,4616,5025,6793,55912,17496,27576,16509,23394,8744,1673,769
3800000US4920,4920,"Memphis, TN--AR--MS MSA",707456,326760,4362,2150,5598,9725,7925,10411,11065,15752,89383,20720,54213,16374,51174,15969,8290,3649,380696,4075,2136,5040,12065,8609,13342,13071,17511,108330,29463,64860,20754,53945,20502,5234,1759
3800000US4940,4940,"Merced, CA MSA",116725,56472,4112,2030,3583,2570,1807,1824,2077,3004,13158,4035,7883,3674,4396,1473,682,164,60253,4496,1895,3275,3223,1797,2152,1684,2718,14743,5197,8517,4375,4486,1073,500,122
3800000US4992,4992,"Miami--Fort Lauderdale, FL CMSA",2618291,1229732,24553,12896,42877,43849,37058,34744,33275,88098,288096,69587,165633,78469,181897,62351,52631,13718,1388559,31459,17300,54350,52965,40068,37121,35351,96623,364317,91846,178028,99802,180604,66806,32213,9706
3800000US5082,5082,"Milwaukee--Racine, WI CMSA",1090663,515714,4290,1807,5727,12518,8291,13904,15346,19525,143334,35470,78147,34866,92956,30526,13561,5446,574949,4539,1920,4708,16659,9398,15395,17636,19286,178451,43688,80194,39784,101046,32241,7313,2691
3800000US5120,5120,"Minneapolis--St. Paul, MN--WI MSA",1903346,921972,7449,1487,5102,15931,9234,13898,13340,21600,224564,61613,155099,69143,217593,64238,27553,14128,981374,9800,1800,4000,18609,9288,13958,14602,19227,259341,84022,160609,76518,223123,62809,17033,6635
3800000US5140,5140,"Missoula, MT MSA",59298,29244,77,47,65,645,365,365,471,640,7715,1771,5906,1334,6309,1805,861,868,30054,59,22,66,518,370,561,505,568,8018,2353,5840,1567,6775,2076,433,323
3800000US5160,5160,"Mobile, AL MSA",346132,161657,1843,970,2257,5453,4898,6555,6249,7710,49068,9765,25068,7971,21859,6622,3600,1769,184475,1780,924,2006,5686,5908,7193,7806,8243,59182,13081,26718,11027,22865,9842,1539,675
3800000US5170,5170,"Modesto, CA MSA",264578,126028,4825,2625,5558,4570,3523,4319,5018,7087,32372,9438,19513,8039,12396,3733,2250,762,138550,5030,2743,5409,5375,4087,5264,5494,7500,36573,12575,20967,9495,13058,3289,1346,345
3800000US5200,5200,"Monroe, LA MSA",88430,40276,424,279,571,1437,1022,1646,1554,1814,12259,2800,6427,909,6022,1673,928,511,48154,347,402,565,1729,1286,1779,2067,1990,14249,3550,7631,1589,7060,3266,415,229
3800000US5240,5240,"Montgomery, AL MSA",212108,99616,1161,648,1427,2857,3060,3598,3614,4222,26879,5938,15693,4829,15343,6751,2404,1192,112492,999,645,1525,3423,3359,4040,4201,4677,31439,8851,16638,5946,17089,7924,1249,487
3800000US5280,5280,"Muncie, IN MSA",72444,33919,224,103,305,1175,952,1200,1082,1168,12831,2195,4340,1389,3536,1982,581,856,38525,261,84,316,1124,1155,1741,1490,950,14143,2952,4488,2013,4304,2750,307,447
3800000US5330,5330,"Myrtle Beach, SC MSA",136551,65578,496,464,939,2127,1674,2513,2012,2637,20162,5048,10162,4077,8932,2487,1246,602,70973,418,296,757,2145,1736,2622,2232,2675,23801,5816,10722,5456,8552,2805,686,254
3800000US5345,5345,"Naples, FL MSA",185357,90827,2192,1380,2454,2625,2251,2180,1951,3593,20703,5410,12925,4309,17734,6017,3885,1218,94530,1586,807,1631,2243,1947,1727,1854,3401,27940,7354,14699,6438,15966,4965,1496,476
3800000US5360,5360,"Nashville, TN MSA",800302,382415,3316,2106,5209,14319,9405,12272,12701,13844,102664,21740,58372,17100,73146,20649,10160,5412,417887,2820,1683,4153,15768,10819,14217,12996,13229,122549,30234,60266,23628,72681,24660,5733,2451
3800000US5520,5520,"New London--Norwich, CT--RI MSA",198081,95116,708,249,616,2614,2109,2790,2077,2670,30708,6981,12526,6457,13979,6707,2281,1644,102965,666,381,721,3651,2041,3004,2194,2794,33454,7995,12785,8111,14883,7821,1779,685
3800000US5560,5560,"New Orleans, LA MSA",850631,394610,5136,2947,6740,16099,11488,16259,13910,18761,104482,23941,64057,15155,59076,18020,13885,4654,456021,4670,2785,7075,17668,12039,16148,17216,21064,136824,31611,72449,20206,63713,22897,7170,2486
3800000US5602,5602,"New York--Northern New Jersey--Long Island, NY--NJ--CT--PA CMSA",14142132,6572516,117300,52502,146270,206335,149782,170639,163670,331940,1645263,338562,770544,330130,1230116,552140,257872,109451,7569616,146002,74020,174254,265239,169712,192132,189316,364797,2109145,422483,822081,476639,1296931,644044,162922,59899
3800000US5720,5720,"Norfolk--Virginia Beach--Newport News, VA--NC MSA",981300,466357,2907,1819,4592,10770,8173,13744,12747,13795,128664,41251,81639,31022,70307,30411,9646,4870,514943,3155,1979,5181,13087,10331,16448,15594,16209,143471,46050,89161,35977,80429,29463,6066,2342
3800000US5790,5790,"Ocala, FL MSA",187187,88000,683,435,1124,3785,2956,3966,3400,3906,29860,6675,13030,4978,7952,2950,1626,674,99187,667,367,1064,3289,2932,4327,3737,4175,37411,8293,13547,6954,8174,3016,1012,222
3800000US5800,5800,"Odessa--Midland, TX MSA",142764,67209,1957,1133,2871,2448,2296,2400,2299,2339,16241,5177,10647,3600,9961,2287,1187,366,75555,1836,1251,2952,3092,2391,3040,2869,2589,19294,7756,11461,4588,9298,2482,517,139
3800000US5880,5880,"Oklahoma City, OK MSA",684005,326466,3035,1634,4601,7794,6802,8515,9395,11629,85193,26166,57766,16982,55459,18304,8889,4302,357539,2446,1361,3799,8888,8000,11047,10766,12196,104700,34507,60149,19396,54303,19706,4113,2162
3800000US5920,5920,"Omaha, NE--IA MSA",451736,217029,1541,961,2242,4590,3551,4449,4251,5489,57155,15693,37600,14605,43244,13039,6252,2367,234707,1319,633,1582,4856,3507,4780,4493,5947,70384,20698,39403,15718,44242,12877,3065,1203
3800000US5960,5960,"Orlando, FL MSA",1083496,521405,4525,3088,6623,12320,11484,15926,13429,22627,133512,36876,80370,38328,95656,29211,12456,4974,562091,4585,3294,6767,14114,12145,16040,15686,24038,164649,44731,82647,46965,89958,26729,7410,2333
3800000US5990,5990,"Owensboro, KY MSA",59745,27806,203,106,277,1372,630,1173,876,754,10657,2126,3409,1163,3516,948,439,157,31939,209,61,177,1624,906,1340,850,958,11835,2630,4064,2177,3009,1770,246,83
3800000US6015,6015,"Panama City, FL MSA",99771,48259,332,227,418,1360,1347,1703,1524,1907,14338,3949,7984,3645,5734,2361,955,475,51512,295,238,504,1596,1545,2122,1821,1977,16212,5079,7920,4092,5283,2199,491,138
3800000US6020,6020,"Parkersburg--Marietta, WV--OH MSA",103467,48537,223,104,280,2056,1257,1727,1159,1252,19528,3718,6620,2564,4903,1949,823,374,54930,279,106,362,2458,1557,1926,1885,1303,22102,4416,6659,4243,4968,2005,565,96
3800000US6080,6080,"Pensacola, FL MSA",267876,129543,903,535,1111,3286,2845,3903,3651,4184,35679,10530,21855,10116,19466,7112,2882,1485,138333,1113,736,1502,3501,3771,4968,4717,4701,40901,12356,21017,12325,18099,6569,1497,560
3800000US6120,6120,"Peoria--Pekin, IL MSA",228109,107632,613,373,663,3850,2043,3129,2598,2746,33761,9941,15803,6875,16458,5585,2081,1113,120477,653,289,476,4857,2609,3543,3217,3299,39051,12097,17917,9481,15941,5019,1605,423
3800000US6162,6162,"Philadelphia--Wilmington--Atlantic City, PA--NJ--DE--MD CMSA",4079483,1901923,18654,8096,19260,46072,41655,64301,62666,81630,573201,111508,221542,94803,339299,125026,59785,34425,2177560,20278,8921,20785,59828,46126,76030,74777,89049,724889,142051,238572,138407,345601,137132,39031,16083
3800000US6200,6200,"Phoenix--Mesa, AZ MSA",2054059,1009195,15415,9311,28861,29113,22792,23150,23099,39544,219391,75367,177774,68139,179629,61226,25236,11148,1044864,13642,7734,22739,29908,20406,24643,23345,37402,263309,102048,188052,73817,161650,57631,13145,5393
3800000US6240,6240,"Pine Bluff, AR MSA",53132,25422,407,202,420,1135,784,1155,1111,1237,9140,1531,3798,790,2525,579,382,226,27710,379,282,429,1320,843,1203,1177,1293,9360,1966,3892,945,3221,1043,257,100
3800000US6280,6280,"Pittsburgh, PA MSA",1643114,759697,4516,1366,4208,21283,13658,22653,18902,21970,273724,41831,81820,50876,126543,45664,19661,11022,883417,5110,1824,5324,29763,17066,27210,24547,26077,345659,57584,89554,64898,122013,48293,13629,4866
3800000US6320,6320,"Pittsfield, MA MSA",59627,27594,138,50,213,625,546,621,602,841,9740,2061,3127,1776,4340,1908,678,328,32033,175,76,276,787,858,861,845,1033,11038,2283,3814,2897,4257,2182,443,208
3800000US6340,6340,"Pocatello, ID MSA",43285,20980,66,66,62,415,331,581,386,577,5392,1436,4503,1537,3461,1107,605,455,22305,102,46,87,388,347,613,728,596,5825,2095,4681,1626,3645,1090,239,197
3800000US6400,6400,"Portland, ME MSA",167256,78880,443,139,353,1802,1148,1444,1270,1836,21492,4855,10828,6057,16885,6225,3174,929,88376,364,173,279,1697,1114,1625,1155,1617,26258,5652,11371,8150,19320,7236,1809,556
3800000US6442,6442,"Portland--Salem, OR--WA CMSA",1470754,717858,7961,4382,10702,14724,11291,15363,14790,23823,164611,55840,131710,50210,137087,47363,18802,9199,752896,7475,3601,8181,15780,11190,15922,15575,21976,191247,77830,138786,51055,133560,45314,11001,4403
3800000US6480,6480,"Providence--Fall River--Warwick, RI--MA MSA",789909,366720,6495,4542,6723,15516,14544,14596,10535,14747,99878,21090,39091,25023,59173,21595,8462,4710,423189,8202,5678,7860,19828,17345,16536,11867,14224,122402,28016,47084,31518,58377,26389,5644,2219
3800000US6520,6520,"Provo--Orem, UT MSA",166240,82350,418,266,813,790,663,1074,1449,1963,13826,5862,17921,7325,18467,6770,2000,2743,83890,378,305,681,583,773,1261,1775,1985,18029,7777,19267,8763,17441,3803,697,372
3800000US6560,6560,"Pueblo, CO MSA",92080,43926,613,257,683,1757,1055,1164,1263,1415,13275,3293,7491,3194,5252,1981,875,358,48154,467,288,688,1808,1289,1533,1478,1441,15245,4148,7346,4002,5722,2141,397,161
3800000US6580,6580,"Punta Gorda, FL MSA",113071,53119,317,171,349,1573,1254,2149,1656,2410,17332,4122,8360,2790,6523,2438,1204,471,59952,235,106,292,1590,1224,1964,1753,3142,23011,5251,8300,3845,5813,2310,843,273
3800000US6640,6640,"Raleigh--Durham--Chapel Hill, NC MSA",763470,366381,3886,2774,7209,8725,8032,9318,7981,9803,71989,17372,47329,23990,89121,33320,11950,13582,397089,3018,2122,5018,8728,6902,9742,8859,9420,84042,25471,55111,29534,98431,36486,7660,6545
3800000US6660,6660,"Rapid City, SD MSA",55535,26812,183,55,38,936,447,493,454,711,7767,1924,4783,1946,4529,1477,682,387,28723,138,46,84,729,417,569,668,799,8508,2396,5121,2450,4912,1445,365,76
3800000US6680,6680,"Reading, PA MSA",248864,118803,1176,555,1474,5858,4207,5153,4009,3760,45697,5905,11007,6821,14897,5108,2194,982,130061,1323,475,1276,6966,4439,5989,4539,3452,52282,7584,11552,7354,15057,5451,1958,364
3800000US6690,6690,"Redding, CA MSA",107272,50576,541,184,337,1209,835,1453,1745,2146,13623,4736,10000,4429,6013,1655,1267,403,56696,499,166,309,1237,1043,1857,1999,2392,16035,6510,10692,5487,6105,1524,685,156
3800000US6720,6720,"Reno, NV MSA",221837,111532,1544,527,2603,2088,2125,2259,2631,4562,27026,8588,21983,7486,18054,5700,2846,1510,110305,1422,477,2006,1895,1981,2401,2610,4495,28815,10360,21193,8142,17054,5423,1372,659
3800000US6740,6740,"Richland--Kennewick--Pasco, WA MSA",114996,57017,1488,940,1872,1510,1465,1416,1341,1771,12683,3977,8436,4765,9290,3944,714,1405,57979,1127,780,1404,1564,1187,1599,1440,2005,14856,5559,9551,5438,7644,2998,572,255
3800000US6760,6760,"Richmond--Petersburg, VA MSA",657222,305899,2660,1519,4237,10101,7452,10261,9385,9835,78537,19101,43248,14512,61385,20895,8509,4262,351323,2871,1348,3433,10114,7717,11401,11658,10218,93948,26941,54847,19918,66466,22541,5875,2027
3800000US6800,6800,"Roanoke, VA MSA",164642,75985,489,367,1167,3538,2140,2800,2420,2511,22074,4886,10369,5079,11489,3673,2282,701,88657,467,254,987,3668,2056,3109,2788,2654,27440,7029,12685,6683,12994,4138,1347,358
3800000US6820,6820,"Rochester, MN MSA",80277,38630,230,42,172,945,624,483,440,508,9340,2460,5625,3160,8161,3073,2499,868,41647,418,32,116,1078,438,493,472,648,9910,3247,6624,4907,8883,2805,1147,429
3800000US6840,6840,"Rochester, NY MSA",715476,337588,2722,1042,3020,8250,7277,10998,9878,10810,94235,21370,39572,30822,58877,25441,7732,5542,377888,3096,1286,3175,9617,7166,11580,10655,11366,114402,25417,42751,41059,56648,32331,5223,2116
3800000US6880,6880,"Rockford, IL MSA",241181,115562,1101,741,1720,3922,2947,4262,3552,4018,37789,9750,16225,6883,14759,4998,2409,486,125619,933,556,1312,3952,3094,4170,3902,4240,43997,12192,16863,8403,14660,5727,1444,174
3800000US6895,6895,"Rocky Mount, NC MSA",93270,42448,726,655,1423,2155,1825,2299,1824,1737,14509,2256,4689,2089,4460,1034,489,278,50822,846,414,1184,2581,1878,2387,2557,1805,18202,3408,5585,3286,4881,1322,335,151
3800000US6922,6922,"Sacramento--Yolo, CA CMSA",1138839,544188,10209,3585,8537,9988,7912,11157,12126,21296,116403,41482,97305,46466,100465,33570,15552,8135,594651,12455,3917,9058,11631,8330,11348,12666,21669,137666,57976,109801,53546,99539,30830,10191,4028
3800000US6960,6960,"Saginaw--Bay City--Midland, MI MSA",262841,123687,904,296,726,4258,2888,4285,4162,3374,43138,9925,17422,7931,14981,5570,2232,1595,139154,1001,316,687,5058,2934,5064,4443,3438,49176,12050,19167,12532,15886,5583,1355,464
3800000US6980,6980,"St. Cloud, MN MSA",98308,48754,258,55,226,2971,840,926,764,1138,16772,3306,7779,3445,6780,1840,978,676,49554,266,76,269,3231,622,650,603,908,16333,4196,8437,3628,7414,2106,468,347
3800000US7000,7000,"St. Joseph, MO MSA",66430,31733,162,103,125,1458,712,1218,994,905,12609,2357,4559,1115,3584,1102,470,260,34697,214,41,159,1809,605,1164,1142,1149,13005,3091,4790,1529,4191,1449,266,93
3800000US7040,7040,"St. Louis, MO--IL MSA",1692997,789471,5323,2046,4964,29140,14453,22416,20409,26272,217061,58249,120191,48491,137467,52772,20320,9897,903526,5366,2171,5621,42209,19321,28918,25152,27392,268354,82218,132172,56239,135351,57266,11274,4502
3800000US7120,7120,"Salinas, CA MSA",244128,124349,7385,3738,9041,4134,3738,3510,4783,5753,22589,7251,17270,7220,16056,6786,3203,1892,119779,6369,3706,7722,3938,3500,2710,2310,4724,22765,8536,17906,8591,17585,6699,2019,699
3800000US7160,7160,"Salt Lake City--Ogden, UT MSA",746141,369310,3096,1519,4450,3932,5616,7311,8736,13535,79956,28811,73266,27060,71063,24955,10197,5807,376831,2712,1333,3549,4547,5453,7375,8495,11783,102406,37899,75269,30104,63860,15986,3916,2144
3800000US7200,7200,"San Angelo, TX MSA",63430,29542,810,409,987,927,861,1014,958,1043,7827,2072,4720,1496,4410,1230,504,274,33888,728,471,925,1311,1060,1290,1087,1184,10302,3152,4713,1712,4525,1156,169,103
3800000US7240,7240,"San Antonio, TX MSA",977822,460972,10995,6321,14972,15264,14290,12239,12593,14762,108705,32886,75576,29624,68701,26829,12393,4822,516850,13562,8492,17933,20299,16466,14309,13574,15883,136350,43985,80570,28685,71471,26801,6159,2311
3800000US7320,7320,"San Diego, CA MSA",1773327,866034,15669,8213,22888,15731,15128,14920,15881,32664,166224,60392,157210,65245,166686,62124,28441,18618,907293,19483,10566,28756,19427,18426,17287,18262,35548,185816,73809,162843,69428,164307,57384,17300,8651
3800000US7362,7362,"San Francisco--Oakland--San Jose, CA CMSA",4764188,2329986,49294,20377,56928,42789,36737,34992,37953,89981,391979,130034,361872,156422,539923,235761,80813,64131,2434202,58651,25177,60604,49026,37402,38834,37692,89224,449091,167653,379816,186844,564528,204288,58188,27184
3800000US7460,7460,"San Luis Obispo--Atascadero--Paso Robles, CA MSA",159196,79761,989,582,1426,1318,1482,2107,2327,2767,16851,6134,15051,6413,13947,4579,2271,1517,79435,762,523,1100,1136,792,1468,1623,2562,17877,7744,15585,8070,13701,4661,1351,480
3800000US7480,7480,"Santa Barbara--Santa Maria--Lompoc, CA MSA",246729,120967,3136,2150,5543,3251,2404,2247,2820,4847,21798,7094,18872,8812,21708,9442,3731,3112,125762,3215,1851,4805,2952,2626,2326,2641,4406,25143,9522,21525,10147,22745,8384,2118,1356
3800000US7490,7490,"Santa Fe, NM MSA",100692,48351,584,301,1247,1165,835,943,851,1315,8524,2551,7385,2436,9779,5111,1805,3519,52341,471,161,956,1084,1085,816,1014,1272,10333,3408,8292,3465,11196,6429,1426,933
3800000US7510,7510,"Sarasota--Bradenton, FL MSA",449591,209186,1717,753,2334,5495,4668,6354,5302,8026,57827,14472,32612,11101,35795,12547,7221,2962,240405,1504,681,1883,5154,3831,6730,5992,8517,80981,19512,36887,16753,34168,12729,3884,1199
3800000US7520,7520,"Savannah, GA MSA",185311,87030,981,564,1090,2500,2354,3074,3026,4115,25085,6388,13053,3861,13606,3985,2326,1022,98281,858,557,1216,2746,2748,3596,3590,4168,28736,7438,14851,5804,15014,5126,1242,591
3800000US7560,7560,"Scranton--Wilkes-Barre--Hazleton, PA MSA",434889,202253,1442,394,1445,6786,5492,7931,6299,6931,81641,12012,20609,13667,23873,8241,4027,1463,232636,1408,426,2249,9968,6548,9390,6817,7134,99989,14450,21513,14822,24075,9896,3252,699
3800000US7602,7602,"Seattle--Tacoma--Bremerton, WA CMSA",2351904,1150894,8198,2962,7498,15484,13106,18612,18939,34465,255465,88083,206115,89855,254230,86608,32827,18447,1201010,10367,3432,8323,17128,14085,20938,20630,33461,286586,110960,215820,99282,250558,80509,20798,8133
3800000US7610,7610,"Sharon, PA MSA",81499,38344,212,88,219,1396,1101,1606,1204,1033,17004,1880,3905,1783,4354,1553,623,383,43155,175,99,189,1597,1081,1446,1331,1119,19819,2386,4114,2619,4837,1607,603,133
3800000US7620,7620,"Sheboygan, WI MSA",74561,36786,409,70,213,1284,796,952,1126,1001,14405,2803,4373,2492,4637,1464,545,216,37775,481,66,135,1677,646,908,896,945,15374,2738,4756,2659,4932,1204,303,55
3800000US7640,7640,"Sherman--Denison, TX MSA",72382,34021,344,125,703,1247,1091,1101,1032,1135,9325,2944,5682,2636,4307,1387,624,338,38361,381,122,468,1279,1203,1331,1451,1295,12384,3688,6047,2888,3837,1582,266,139
3800000US7680,7680,"Shreveport--Bossier City, LA MSA",247935,113878,1294,847,1379,3319,2529,3861,5030,5492,37086,8023,18125,4203,14372,4702,2725,891,134057,1416,677,1951,4207,3417,4833,6387,5768,43957,10063,20297,6498,16809,6041,1284,452
3800000US7720,7720,"Sioux City, IA--NE MSA",77035,37083,544,351,1134,1399,1137,1030,1020,1345,12733,2694,4863,1992,4564,1251,895,131,39952,560,292,649,1268,1112,1065,1170,1184,14401,3313,5451,2556,4832,1567,442,90
3800000US7760,7760,"Sioux Falls, SD MSA",108493,52602,256,92,291,1777,868,1034,1129,1084,16193,3498,8356,3626,10103,2551,1326,418,55891,263,53,177,1902,724,848,884,979,17194,4503,9579,5075,10714,2204,607,185
3800000US7800,7800,"South Bend, IN MSA",166060,77969,588,247,737,2026,1788,2878,2419,2570,24012,5772,10396,3995,12290,5080,1725,1446,88091,644,241,690,2578,2575,3448,3282,2524,29889,6279,11616,5628,11603,5516,920,658
3800000US7840,7840,"Spokane, WA MSA",266829,128293,654,179,519,2267,1630,2517,2562,3681,33485,10587,22874,12910,21638,7517,3498,1775,138536,658,268,471,2763,1899,2681,2699,3641,37943,12713,26453,14011,21874,8157,1586,719
3800000US7880,7880,"Springfield, IL MSA",134918,62410,257,106,216,1560,1016,1492,1345,1660,18131,4817,8624,3840,11793,4748,2015,790,72508,238,153,191,1957,1101,1685,1435,1656,24337,7161,8927,5162,12545,4507,1084,369
3800000US7920,7920,"Springfield, MO MSA",208235,99026,532,220,448,3404,2120,3136,2767,2811,32109,6956,16985,4205,15430,4503,2254,1146,109209,370,169,430,4280,2954,3412,3135,3144,35029,9343,18057,5556,15849,5378,1514,589
3800000US8000,8000,"Springfield, MA MSA",377418,174502,2660,1245,2072,5268,5235,5498,5054,6087,53955,11513,19715,12200,24927,11535,4199,3339,202916,3010,1362,2733,6547,5531,5786,5431,6443,62766,14183,22036,18086,29033,14831,3071,2067
3800000US8050,8050,"State College, PA MSA",74785,37573,129,57,159,1134,645,836,736,853,11925,1281,3407,1686,7093,3690,797,3145,37212,131,30,87,1157,590,828,749,710,13367,1985,3287,1885,6946,3871,491,1098
3800000US8080,8080,"Steubenville--Weirton, OH--WV MSA",93176,43347,251,98,309,1816,1100,1353,1219,1228,20336,3003,4920,2159,3628,1152,543,232,49829,366,108,462,2513,1361,1869,1480,1619,22718,3285,4804,3554,3851,1338,448,53
3800000US8120,8120,"Stockton--Lodi, CA MSA",333572,161284,6621,2967,6963,5324,4329,5063,6291,9837,40034,12222,25266,11912,16260,4560,2620,1015,172288,7798,2901,5754,6072,4773,5605,6452,9203,44128,15899,26205,13485,17616,4203,1736,458
3800000US8140,8140,"Sumter, SC MSA",64144,29836,525,380,946,1263,986,1391,1051,1409,8392,2121,4412,2319,3079,1107,332,123,34308,549,444,752,1278,1118,1519,1465,1425,10612,2545,4819,2276,3779,1433,215,79
3800000US8160,8160,"Syracuse, NY MSA",471490,223196,1298,519,1507,6263,5617,8070,7034,7277,69982,14314,25259,19163,34320,13840,5570,3163,248294,1527,577,1601,6576,5542,7561,7301,7916,81986,17025,27253,26792,32508,18726,3947,1456
3800000US8240,8240,"Tallahassee, FL MSA",166469,77884,733,465,992,1526,1184,1879,1902,2465,16024,4586,10342,5179,16914,7595,3102,2996,88585,619,497,844,1784,1383,1858,2365,2951,20323,6471,11710,7247,18440,8635,1962,1496
3800000US8280,8280,"Tampa--St. Petersburg--Clearwater, FL MSA",1694489,796827,7111,3943,9469,23311,20566,26331,25163,35112,222895,56979,118574,54610,124408,40490,20288,7577,897662,6994,3574,9409,24794,21315,29730,27838,39453,286196,75888,127992,69735,118661,39318,12947,3818
3800000US8320,8320,"Terre Haute, IN MSA",95428,45444,371,76,239,1704,1295,1561,1619,1387,17299,3121,5900,1954,5144,2189,729,856,49984,404,54,202,1543,1623,2374,1841,1575,18972,3340,5916,3303,4763,3266,437,371
3800000US8360,8360,"Texarkana, TX--Texarkana, AR MSA",84557,41091,464,388,957,1588,1514,1846,1997,1761,12988,2994,6258,1905,4125,1280,787,239,43466,439,312,721,1704,1266,1558,1794,1665,14948,4059,6572,2151,3999,1900,306,72
3800000US8400,8400,"Toledo, OH MSA",389460,182823,1193,637,1167,3882,3706,5759,6086,6515,59730,13200,27518,11202,26745,8698,4523,2262,206637,1149,542,1224,4893,4406,7167,6975,6513,71003,15874,27915,17060,27362,10551,2909,1094
3800000US8440,8440,"Topeka, KS MSA",111709,52561,417,75,387,1339,794,975,885,1554,16874,4255,8325,2066,9437,3013,1453,712,59148,338,71,231,1397,1054,1180,1080,1490,20715,5744,8837,2532,9833,3532,787,327
3800000US8520,8520,"Tucson, AZ MSA",546200,260541,3058,1570,4815,6495,5002,5935,6418,8745,56907,19261,49244,17333,43390,19488,6828,6052,285659,3241,2173,5614,7756,5734,7170,6931,9826,70436,25169,51905,19354,43362,20162,4162,2664
3800000US8560,8560,"Tulsa, OK MSA",514373,244265,1727,1015,2722,6346,5114,6593,7216,8483,68307,18521,39800,15672,41926,12330,6245,2248,270108,1597,922,2325,7476,6195,8136,8515,9300,83160,25412,40916,19482,40537,11849,3229,1057
3800000US8600,8600,"Tuscaloosa, AL MSA",99039,46631,741,311,702,1328,1628,1776,1882,1927,12950,2505,7141,2425,6857,2321,1012,1125,52408,661,401,678,1596,1377,2132,1930,1911,15165,3672,7456,2940,7336,3950,574,629
3800000US8640,8640,"Tyler, TX MSA",111020,51497,1077,431,1190,1461,1281,1551,1340,1892,12201,3952,8441,3529,8726,2415,1399,611,59523,809,405,1034,1944,1458,1811,2124,2164,15377,5564,10261,4690,8282,2877,506,217
3800000US8680,8680,"Utica--Rome, NY MSA",202301,97413,1062,329,856,4281,3166,4505,3921,4023,31236,6589,11033,8214,11312,4580,1731,575,104888,1049,397,892,4447,2725,3772,3310,3505,35903,8217,11828,11156,10230,5973,1193,291
3800000US8750,8750,"Victoria, TX MSA",51985,24653,555,433,720,1100,770,744,930,729,7129,1971,3707,1493,2964,703,560,145,27332,576,443,626,1370,877,933,896,650,7991,2658,4478,1760,2736,1079,179,80
3800000US8780,8780,"Visalia--Tulare--Porterville, CA MSA",204888,99491,7725,4524,7593,4893,3457,3131,3759,5288,21849,6719,12831,5620,7715,2622,1378,387,105397,6522,3872,6613,5419,3738,3740,3522,4716,25155,9413,13923,7306,8241,2319,712,186
3800000US8800,8800,"Waco, TX MSA",125961,59173,1047,755,1909,1947,1916,1934,1870,2145,15972,4383,8875,4122,7324,2795,1250,929,66788,965,746,1662,2494,2355,2653,2528,2516,19206,5723,9362,4817,7590,3168,659,344
3800000US8872,8872,"Washington--Baltimore, DC--MD--VA--WV CMSA",5036513,2380609,25278,12741,32538,56320,48380,58678,53530,76227,521691,136496,301241,104805,503346,271991,106708,70639,2655904,25446,12598,32329,64534,49704,65029,60121,85630,646027,190128,353979,154712,546386,269412,66311,33558
3800000US8920,8920,"Waterloo--Cedar Falls, IA MSA",78401,36972,335,81,223,1475,751,769,867,877,12983,2386,5174,2386,5214,1747,1080,624,41429,208,83,170,1375,695,928,998,786,14551,3120,5828,3334,6009,1941,822,581
3800000US8940,8940,"Wausau, WI MSA",81925,40096,434,90,250,2383,589,975,866,1153,14910,2746,4400,3644,5099,1612,819,126,41829,591,101,188,2675,639,821,764,763,16181,3294,4575,3899,5250,1710,311,67
3800000US8960,8960,"West Palm Beach--Boca Raton, FL MSA",817899,384559,5203,2829,5956,9208,7173,10229,8624,17705,90472,24997,58527,22502,74033,24026,18360,4715,433340,4201,2345,5544,9699,7287,9876,9471,18996,129333,33670,65642,31795,69839,25685,7991,1966
3800000US9000,9000,"Wheeling, WV--OH MSA",106586,49882,332,73,340,2336,1419,1631,1408,1432,21709,3230,5544,2572,4578,2016,942,320,56704,434,85,338,2884,1621,2036,1902,1718,24431,3928,6078,3499,4911,1971,740,128
3800000US9040,9040,"Wichita, KS MSA",341423,165523,1480,688,1991,4063,3131,3983,4124,5102,47003,14316,27477,8437,29337,9062,3782,1547,175900,1203,643,1588,4380,3447,4470,4295,5453,54262,17093,28568,9856,28498,9573,1886,685
3800000US9080,9080,"Wichita Falls, TX MSA",86469,42000,521,362,935,1374,1063,1359,1294,1566,11786,3326,6829,2532,6333,1783,590,347,44469,426,339,630,1439,1259,1689,1501,1566,14363,4120,6780,2376,5892,1618,357,114
3800000US9140,9140,"Williamsport, PA MSA",80500,38005,283,71,159,1422,1144,1526,1326,1235,15051,2281,4334,3092,3954,1234,590,303,42495,321,99,329,1541,1301,1781,1751,1347,18668,2116,3885,3314,4021,1411,505,105
3800000US9200,9200,"Wilmington, NC MSA",160276,76428,560,332,924,2068,2162,2728,2020,2263,20030,5116,11981,4883,14430,4135,1723,1073,83848,549,229,741,1752,1847,2736,2684,2596,23779,6729,12762,7015,15329,3868,893,339
3800000US9260,9260,"Yakima, WA MSA",130747,63523,3128,1741,3515,3331,2724,2235,2143,2427,17191,4388,7678,2776,6322,2200,1293,431,67224,2796,1691,2896,3203,2590,2301,1933,2319,18608,6031,9081,4016,6490,2453,681,135
3800000US9280,9280,"York, PA MSA",259040,124718,681,216,920,5595,3860,5114,4016,3730,50155,7580,11537,6802,16587,5423,1865,637,134322,663,276,865,7318,3737,5078,4219,3706,57534,8424,11377,8033,15708,5332,1803,249
3800000US9320,9320,"Youngstown--Warren, OH MSA",403869,190271,1178,469,1260,5481,4911,7212,7027,6940,79411,12498,24796,7916,21720,5871,2714,867,213598,1315,552,1293,6214,5021,7839,8591,6964,94784,14384,24690,12236,19942,7308,2089,376
3800000US9340,9340,"Yuba City, CA MSA",84289,40724,1451,676,1570,1532,981,1614,1466,2015,10067,3440,6605,3331,3997,1180,605,194,43565,1831,579,1400,1559,1074,1927,1472,2037,11091,4292,6966,4174,3737,1000,379,47
3800000US9360,9360,"Yuma, AZ MSA",97680,48150,1738,1175,2637,2760,2249,2147,1641,2514,11608,3911,7284,2239,3696,1531,695,325,49530,1635,1356,2603,3049,2033,1820,1684,2356,13526,4523,7082,2541,3321,1532,422,47
